{
  "lemory": {
    "recall@1": 1.0,
    "recall@3": 1.0,
    "recall@5": 1.0,
    "recall@8": 1.0,
    "mrr@10": 1.0,
    "full_support@8": 1.0,
    "support_recall@8": 1.0,
    "full_support@8_hops1": 1.0,
    "full_support@8_hops2": 1.0,
    "ms_per_query": 1.1506833528217517
  },
  "lemory-nograph": {
    "recall@1": 1.0,
    "recall@3": 1.0,
    "recall@5": 1.0,
    "recall@8": 1.0,
    "mrr@10": 1.0,
    "full_support@8": 0.631578947368421,
    "support_recall@8": 0.8157894736842105,
    "full_support@8_hops1": 1.0,
    "full_support@8_hops2": 0.5,
    "ms_per_query": 0.6795096815678111
  },
  "vector": {
    "recall@1": 0.9649122807017544,
    "recall@3": 1.0,
    "recall@5": 1.0,
    "recall@8": 1.0,
    "mrr@10": 0.9824561403508771,
    "full_support@8": 0.631578947368421,
    "support_recall@8": 0.8157894736842105,
    "full_support@8_hops1": 1.0,
    "full_support@8_hops2": 0.5,
    "ms_per_query": 0.10424747801663582
  },
  "bm25": {
    "recall@1": 0.7368421052631579,
    "recall@3": 1.0,
    "recall@5": 1.0,
    "recall@8": 1.0,
    "mrr@10": 0.8625730994152048,
    "full_support@8": 0.5964912280701754,
    "support_recall@8": 0.7982456140350878,
    "full_support@8_hops1": 1.0,
    "full_support@8_hops2": 0.4523809523809524,
    "ms_per_query": 0.3809134165445964
  }
}