{
  "lemory": {
    "n": 160,
    "judge_acc": 0.70625,
    "judge_multi_hop": 0.5333333333333333,
    "judge_temporal": 0.8222222222222222,
    "judge_open_domain": 0.375,
    "judge_single_hop": 0.8518518518518519,
    "evidence_recall@10": 0.890566037735849
  },
  "vector": {
    "n": 160,
    "judge_acc": 0.6875,
    "judge_multi_hop": 0.5555555555555556,
    "judge_temporal": 0.7333333333333333,
    "judge_open_domain": 0.375,
    "judge_single_hop": 0.8518518518518519,
    "evidence_recall@10": 0.8673405211141061
  }
}