{
  "n_questions": 400,
  "k": 8,
  "systems": {
    "lemory": {
      "recall@1": 0.93,
      "recall@3": 0.985,
      "recall@5": 0.9925,
      "recall@8": 0.9925,
      "mrr@10": 0.9571666666666667,
      "ms_per_query": 3.5190582275390625
    },
    "lemory-nograph": {
      "recall@1": 0.93,
      "recall@3": 0.985,
      "recall@5": 0.9925,
      "recall@8": 0.9925,
      "mrr@10": 0.9571666666666667,
      "ms_per_query": 3.4990310668945312
    },
    "vector": {
      "recall@1": 0.855,
      "recall@3": 0.9425,
      "recall@5": 0.9675,
      "recall@8": 0.9825,
      "mrr@10": 0.9017767857142855,
      "ms_per_query": 0.26988983154296875
    },
    "bm25": {
      "recall@1": 0.9275,
      "recall@3": 0.9825,
      "recall@5": 0.9925,
      "recall@8": 0.9925,
      "mrr@10": 0.9544583333333333,
      "ms_per_query": 1.318216323852539
    }
  }
}