{
  "questions": 470,
  "lemory_recall@5": 0.9042553191489362,
  "lemory_any@5": 0.9829787234042553,
  "lemory_recall@10": 0.9234042553191489,
  "lemory_any@10": 0.9872340425531915,
  "vector_recall@5": 0.8553191489361702,
  "vector_any@5": 0.9787234042553191,
  "vector_recall@10": 0.8574468085106383,
  "vector_any@10": 0.9808510638297873,
  "lemory_recall@5_by_type": {
    "single-session-user": 1.0,
    "multi-session": 0.8512396694214877,
    "single-session-preference": 0.8666666666666667,
    "temporal-reasoning": 0.8346456692913385,
    "knowledge-update": 0.9861111111111112,
    "single-session-assistant": 0.9821428571428571
  }
}