{
  "lemory": {
    "recall@1": 0.9090909090909091,
    "recall@3": 0.9545454545454546,
    "recall@5": 0.9545454545454546,
    "recall@8": 0.9545454545454546,
    "mrr@10": 0.9318181818181818,
    "full_support@8": 0.9545454545454546,
    "support_recall@8": 0.9545454545454546,
    "full_support@8_hops1": 0.95,
    "full_support@8_hops2": 1.0,
    "ms_per_query": 1.4546892859719016
  },
  "lemory-nograph": {
    "recall@1": 0.9090909090909091,
    "recall@3": 0.9545454545454546,
    "recall@5": 0.9545454545454546,
    "recall@8": 0.9545454545454546,
    "mrr@10": 0.9242424242424242,
    "full_support@8": 0.9545454545454546,
    "support_recall@8": 0.9545454545454546,
    "full_support@8_hops1": 0.95,
    "full_support@8_hops2": 1.0,
    "ms_per_query": 0.912818041714755
  },
  "vector": {
    "recall@1": 0.9545454545454546,
    "recall@3": 0.9545454545454546,
    "recall@5": 0.9545454545454546,
    "recall@8": 0.9545454545454546,
    "mrr@10": 0.9545454545454546,
    "full_support@8": 0.9545454545454546,
    "support_recall@8": 0.9545454545454546,
    "full_support@8_hops1": 0.95,
    "full_support@8_hops2": 1.0,
    "ms_per_query": 0.1750425858931108
  },
  "bm25": {
    "recall@1": 0.8636363636363636,
    "recall@3": 0.8636363636363636,
    "recall@5": 0.9545454545454546,
    "recall@8": 0.9545454545454546,
    "mrr@10": 0.8818181818181817,
    "full_support@8": 0.9545454545454546,
    "support_recall@8": 0.9545454545454546,
    "full_support@8_hops1": 0.95,
    "full_support@8_hops2": 1.0,
    "ms_per_query": 0.32136657021262427
  }
}