{
  "lemory": {
    "recall@1": 0.9090909090909091,
    "recall@3": 0.9545454545454546,
    "recall@5": 0.9545454545454546,
    "recall@8": 0.9545454545454546,
    "mrr@10": 0.9318181818181818,
    "full_support@8": 0.9545454545454546,
    "support_recall@8": 0.9545454545454546,
    "full_support@8_hops1": 0.95,
    "full_support@8_hops2": 1.0,
    "ms_per_query": 2.6252811605280097
  },
  "lemory+hops2": {
    "recall@1": 0.9090909090909091,
    "recall@3": 0.9545454545454546,
    "recall@5": 0.9545454545454546,
    "recall@8": 0.9545454545454546,
    "mrr@10": 0.9318181818181818,
    "full_support@8": 0.9545454545454546,
    "support_recall@8": 0.9545454545454546,
    "full_support@8_hops1": 0.95,
    "full_support@8_hops2": 1.0,
    "ms_per_query": 2.112269401550293
  },
  "vector": {
    "recall@1": 0.9090909090909091,
    "recall@3": 0.9545454545454546,
    "recall@5": 0.9545454545454546,
    "recall@8": 1.0,
    "mrr@10": 0.9299242424242423,
    "full_support@8": 1.0,
    "support_recall@8": 1.0,
    "full_support@8_hops1": 1.0,
    "full_support@8_hops2": 1.0,
    "ms_per_query": 0.3707408905029297
  },
  "bm25": {
    "recall@1": 0.8181818181818182,
    "recall@3": 0.8636363636363636,
    "recall@5": 0.8636363636363636,
    "recall@8": 0.9090909090909091,
    "mrr@10": 0.8474025974025974,
    "full_support@8": 0.9090909090909091,
    "support_recall@8": 0.9090909090909091,
    "full_support@8_hops1": 0.9,
    "full_support@8_hops2": 1.0,
    "ms_per_query": 0.5927627736871893
  },
  "lemory-plain": {
    "recall@1": 0.9090909090909091,
    "recall@3": 0.9545454545454546,
    "recall@5": 0.9545454545454546,
    "recall@8": 0.9545454545454546,
    "mrr@10": 0.9318181818181818,
    "full_support@8": 0.9090909090909091,
    "support_recall@8": 0.9318181818181818,
    "full_support@8_hops1": 0.95,
    "full_support@8_hops2": 0.5,
    "ms_per_query": 2.4110403927889736
  },
  "lemory-plain+hops2": {
    "recall@1": 0.9090909090909091,
    "recall@3": 0.9545454545454546,
    "recall@5": 0.9545454545454546,
    "recall@8": 0.9545454545454546,
    "mrr@10": 0.9318181818181818,
    "full_support@8": 0.9090909090909091,
    "support_recall@8": 0.9318181818181818,
    "full_support@8_hops1": 0.95,
    "full_support@8_hops2": 0.5,
    "ms_per_query": 2.137216654690829
  }
}