{
  "multihop_full": {
    "n": 30,
    "f1": 0.7050731403672581,
    "contain_em": 0.9666666666666667,
    "avg_context_chars": 2224.4666666666667,
    "approx_context_tokens": 556.1166666666667
  },
  "multihop_compact": {
    "n": 30,
    "f1": 0.6371008403361346,
    "contain_em": 0.8666666666666667,
    "avg_context_chars": 1277.5666666666666,
    "approx_context_tokens": 319.39166666666665
  },
  "temporal_full": {
    "n": 11,
    "f1": 0.5721763085399449,
    "contain_em": 1.0,
    "avg_context_chars": 772.4545454545455,
    "approx_context_tokens": 193.11363636363637
  },
  "temporal_compact": {
    "n": 11,
    "f1": 0.6115702479338844,
    "contain_em": 1.0,
    "avg_context_chars": 535.4545454545455,
    "approx_context_tokens": 133.86363636363637
  }
}