{
  "n_questions": 400,
  "k": 8,
  "systems": {
    "lemory": {
      "recall@1": 0.9075,
      "recall@3": 0.98,
      "recall@5": 0.985,
      "recall@8": 0.985,
      "mrr@10": 0.9429166666666666,
      "ms_per_query": 14.783382415771484
    },
    "lemory-nograph": {
      "recall@1": 0.9075,
      "recall@3": 0.98,
      "recall@5": 0.985,
      "recall@8": 0.985,
      "mrr@10": 0.9429166666666666,
      "ms_per_query": 13.389110565185547
    },
    "vector": {
      "recall@1": 0.855,
      "recall@3": 0.9425,
      "recall@5": 0.9675,
      "recall@8": 0.9825,
      "mrr@10": 0.9017767857142855,
      "ms_per_query": 0.8318424224853516
    },
    "bm25": {
      "recall@1": 0.9225,
      "recall@3": 0.9825,
      "recall@5": 0.9925,
      "recall@8": 0.9925,
      "mrr@10": 0.9515416666666667,
      "ms_per_query": 11.75546646118164
    }
  },
  "e2e_40q": {
    "lemory": {
      "f1": 0.5376785714285715,
      "contain_em": 0.9,
      "n": 40
    }
  }
}