{
  "n_questions": 400,
  "k": 8,
  "systems": {
    "lemory": {
      "recall@1": 0.8875,
      "recall@3": 0.9725,
      "recall@5": 0.985,
      "recall@8": 0.985,
      "mrr@10": 0.9300833333333333,
      "ms_per_query": 16.265153884887695
    },
    "lemory-nograph": {
      "recall@1": 0.8875,
      "recall@3": 0.9725,
      "recall@5": 0.985,
      "recall@8": 0.985,
      "mrr@10": 0.9300833333333333,
      "ms_per_query": 14.386177062988281
    },
    "vector": {
      "recall@1": 0.855,
      "recall@3": 0.9425,
      "recall@5": 0.9675,
      "recall@8": 0.9825,
      "mrr@10": 0.9017767857142855,
      "ms_per_query": 1.119375228881836
    },
    "bm25": {
      "recall@1": 0.9225,
      "recall@3": 0.9825,
      "recall@5": 0.9925,
      "recall@8": 0.9925,
      "mrr@10": 0.9515416666666667,
      "ms_per_query": 13.077259063720703
    }
  },
  "e2e_40q": {
    "lemory": {
      "f1": 0.5376785714285715,
      "contain_em": 0.875
    },
    "vector": {
      "f1": 0.5243452380952381,
      "contain_em": 0.925
    },
    "bm25": {
      "f1": 0.564724025974026,
      "contain_em": 0.95
    }
  }
}