{
  "answer_in_context@8": 0.5789473684210527,
  "aic_1hop": 1.0,
  "aic_2hop": 0.42857142857142855,
  "p50_latency_ms": 326.6589641571045
}