{
  "multihop_full": {
    "n": 30,
    "f1": 0.7050731403672581,
    "contain_em": 0.9666666666666667,
    "avg_context_chars": 2224.4666666666667,
    "approx_context_tokens": 556.1166666666667
  },
  "multihop_compact": {
    "n": 30,
    "f1": 0.6983442265795208,
    "contain_em": 0.9333333333333333,
    "avg_context_chars": 1671.8333333333333,
    "approx_context_tokens": 417.9583333333333
  },
  "temporal_full": {
    "n": 11,
    "f1": 0.5721763085399449,
    "contain_em": 1.0,
    "avg_context_chars": 772.4545454545455,
    "approx_context_tokens": 193.11363636363637
  },
  "temporal_compact": {
    "n": 11,
    "f1": 0.5994490358126723,
    "contain_em": 1.0,
    "avg_context_chars": 648.5454545454545,
    "approx_context_tokens": 162.13636363636363
  }
}