{
  "n_questions": 400,
  "k": 8,
  "systems": {
    "lemory": {
      "recall@1": 0.94,
      "recall@3": 0.985,
      "recall@5": 0.9925,
      "recall@8": 0.9925,
      "mrr@10": 0.963,
      "ms_per_query": 4.940032958984375
    },
    "lemory-nograph": {
      "recall@1": 0.94,
      "recall@3": 0.985,
      "recall@5": 0.9925,
      "recall@8": 0.9925,
      "mrr@10": 0.963,
      "ms_per_query": 4.91023063659668
    },
    "vector": {
      "recall@1": 0.855,
      "recall@3": 0.9425,
      "recall@5": 0.9675,
      "recall@8": 0.9825,
      "mrr@10": 0.9017767857142855,
      "ms_per_query": 0.2732276916503906
    },
    "bm25": {
      "recall@1": 0.9275,
      "recall@3": 0.9825,
      "recall@5": 0.9925,
      "recall@8": 0.9925,
      "mrr@10": 0.9544583333333333,
      "ms_per_query": 1.3251304626464844
    }
  }
}