{
  "answer_in_context@8": {
    "lemory": 1.0,
    "vector": 0.5614035087719298,
    "bm25": 0.6666666666666666
  },
  "added": [
    "Aether Dynamics"
  ]
}