{
  "lemory": {
    "recall@1": 0.8125,
    "recall@3": 0.955,
    "recall@5": 0.965,
    "recall@8": 0.9675,
    "mrr@10": 0.8815416666666664,
    "ms_per_query": 6.603193879127502
  },
  "lemory-nograph": {
    "recall@1": 0.84,
    "recall@3": 0.955,
    "recall@5": 0.97,
    "recall@8": 0.97,
    "mrr@10": 0.8973749999999998,
    "ms_per_query": 5.512917637825012
  },
  "vector": {
    "recall@1": 0.7775,
    "recall@3": 0.9275,
    "recall@5": 0.965,
    "recall@8": 0.985,
    "mrr@10": 0.8552619047619047,
    "ms_per_query": 5.3951990604400635
  },
  "bm25": {
    "recall@1": 0.8175,
    "recall@3": 0.9475,
    "recall@5": 0.9675,
    "recall@8": 0.9725,
    "mrr@10": 0.8808749999999996,
    "ms_per_query": 5.823456048965454
  }
}