{
  "lemory": {
    "recall@1": 0.8466666666666667,
    "recall@3": 0.9633333333333334,
    "recall@5": 0.97,
    "recall@8": 0.97,
    "mrr@10": 0.8987222222222222,
    "ms_per_query": 6.604821681976318
  },
  "lemory-nograph": {
    "recall@1": 0.8633333333333333,
    "recall@3": 0.96,
    "recall@5": 0.9666666666666667,
    "recall@8": 0.9666666666666667,
    "mrr@10": 0.9076111111111111,
    "ms_per_query": 5.552012920379639
  },
  "vector": {
    "recall@1": 0.8133333333333334,
    "recall@3": 0.95,
    "recall@5": 0.9733333333333334,
    "recall@8": 0.98,
    "mrr@10": 0.8814444444444445,
    "ms_per_query": 7.870965003967285
  },
  "bm25": {
    "recall@1": 0.83,
    "recall@3": 0.92,
    "recall@5": 0.95,
    "recall@8": 0.97,
    "mrr@10": 0.8812301587301589,
    "ms_per_query": 7.523911794026692
  }
}