{
  "lemory": {
    "recall@1": 0.8466666666666667,
    "recall@3": 0.96,
    "recall@5": 0.9666666666666667,
    "recall@8": 0.97,
    "mrr@10": 0.8974722222222222,
    "ms_per_query": 7.765818436940511
  },
  "lemory-nograph": {
    "recall@1": 0.8633333333333333,
    "recall@3": 0.96,
    "recall@5": 0.9666666666666667,
    "recall@8": 0.97,
    "mrr@10": 0.9080277777777779,
    "ms_per_query": 6.62578026453654
  },
  "vector": {
    "recall@1": 0.8133333333333334,
    "recall@3": 0.95,
    "recall@5": 0.9733333333333334,
    "recall@8": 0.98,
    "mrr@10": 0.8814444444444445,
    "ms_per_query": 8.123565514882406
  },
  "bm25": {
    "recall@1": 0.83,
    "recall@3": 0.92,
    "recall@5": 0.95,
    "recall@8": 0.97,
    "mrr@10": 0.8812301587301589,
    "ms_per_query": 7.449072202046712
  }
}