{
  "n_questions": 400,
  "k": 8,
  "systems": {
    "lemory": {
      "recall@1": 0.93,
      "recall@3": 0.975,
      "recall@5": 0.98,
      "recall@8": 0.98,
      "mrr@10": 0.9508333333333334,
      "ms_per_query": 24.94049072265625
    },
    "lemory-nograph": {
      "recall@1": 0.93,
      "recall@3": 0.975,
      "recall@5": 0.98,
      "recall@8": 0.98,
      "mrr@10": 0.9508333333333334,
      "ms_per_query": 15.109777450561523
    },
    "vector": {
      "recall@1": 0.84,
      "recall@3": 0.9225,
      "recall@5": 0.9525,
      "recall@8": 0.975,
      "mrr@10": 0.8867827380952383,
      "ms_per_query": 2.586841583251953
    },
    "bm25": {
      "recall@1": 0.9,
      "recall@3": 0.9725,
      "recall@5": 0.985,
      "recall@8": 0.9925,
      "mrr@10": 0.9368184523809524,
      "ms_per_query": 3.633260726928711
    }
  }
}