{
  "lemory": {
    "recall@1": 1.0,
    "recall@3": 1.0,
    "recall@5": 1.0,
    "recall@8": 1.0,
    "mrr@10": 1.0,
    "full_support@8": 1.0,
    "support_recall@8": 1.0,
    "full_support@8_hops1": 1.0,
    "full_support@8_hops2": 1.0,
    "ms_per_query": 3.8282662107233416
  },
  "lemory-nograph": {
    "recall@1": 1.0,
    "recall@3": 1.0,
    "recall@5": 1.0,
    "recall@8": 1.0,
    "mrr@10": 1.0,
    "full_support@8": 0.543859649122807,
    "support_recall@8": 0.7719298245614035,
    "full_support@8_hops1": 1.0,
    "full_support@8_hops2": 0.38095238095238093,
    "ms_per_query": 0.7279504809463233
  },
  "vector": {
    "recall@1": 0.9824561403508771,
    "recall@3": 1.0,
    "recall@5": 1.0,
    "recall@8": 1.0,
    "mrr@10": 0.9912280701754386,
    "full_support@8": 0.543859649122807,
    "support_recall@8": 0.7719298245614035,
    "full_support@8_hops1": 1.0,
    "full_support@8_hops2": 0.38095238095238093,
    "ms_per_query": 0.10085942452413994
  },
  "bm25": {
    "recall@1": 0.7368421052631579,
    "recall@3": 1.0,
    "recall@5": 1.0,
    "recall@8": 1.0,
    "mrr@10": 0.8625730994152048,
    "full_support@8": 0.5964912280701754,
    "support_recall@8": 0.7982456140350878,
    "full_support@8_hops1": 1.0,
    "full_support@8_hops2": 0.4523809523809524,
    "ms_per_query": 0.41938664620382743
  }
}