{
  "n_questions": 400,
  "k": 8,
  "systems": {
    "lemory": {
      "recall@1": 0.9325,
      "recall@3": 0.9775,
      "recall@5": 0.98,
      "recall@8": 0.98,
      "mrr@10": 0.9527083333333334,
      "ms_per_query": 26.20410919189453
    },
    "lemory-nograph": {
      "recall@1": 0.9325,
      "recall@3": 0.9775,
      "recall@5": 0.98,
      "recall@8": 0.98,
      "mrr@10": 0.9527083333333334,
      "ms_per_query": 16.278505325317383
    },
    "vector": {
      "recall@1": 0.84,
      "recall@3": 0.9225,
      "recall@5": 0.9525,
      "recall@8": 0.975,
      "mrr@10": 0.8867827380952383,
      "ms_per_query": 1.7116069793701172
    },
    "bm25": {
      "recall@1": 0.9,
      "recall@3": 0.9725,
      "recall@5": 0.985,
      "recall@8": 0.9925,
      "mrr@10": 0.9368184523809524,
      "ms_per_query": 2.9349327087402344
    }
  }
}