{
  "lemory": {
    "recall@1": 0.7454545454545455,
    "recall@3": 0.9090909090909091,
    "recall@5": 0.9636363636363636,
    "recall@8": 0.9636363636363636,
    "mrr@10": 0.8260606060606062,
    "full_support@8": 0.7454545454545455,
    "support_recall@8": 0.8545454545454545,
    "full_support@8_hops1": 0.96,
    "full_support@8_hops2": 0.5666666666666667,
    "ms_per_query": 8.543218265880238
  },
  "lemory-nograph": {
    "recall@1": 0.7454545454545455,
    "recall@3": 0.8909090909090909,
    "recall@5": 0.9636363636363636,
    "recall@8": 0.9818181818181818,
    "mrr@10": 0.8306060606060607,
    "full_support@8": 0.7454545454545455,
    "support_recall@8": 0.8636363636363636,
    "full_support@8_hops1": 1.0,
    "full_support@8_hops2": 0.5333333333333333,
    "ms_per_query": 2.5699832222678443
  },
  "vector": {
    "recall@1": 0.7818181818181819,
    "recall@3": 0.9272727272727272,
    "recall@5": 0.9454545454545454,
    "recall@8": 0.9636363636363636,
    "mrr@10": 0.8525974025974027,
    "full_support@8": 0.6363636363636364,
    "support_recall@8": 0.8,
    "full_support@8_hops1": 1.0,
    "full_support@8_hops2": 0.3333333333333333,
    "ms_per_query": 0.6436564705588601
  },
  "bm25": {
    "recall@1": 0.6545454545454545,
    "recall@3": 0.9090909090909091,
    "recall@5": 0.9454545454545454,
    "recall@8": 0.9454545454545454,
    "mrr@10": 0.7848484848484848,
    "full_support@8": 0.6,
    "support_recall@8": 0.7727272727272727,
    "full_support@8_hops1": 0.92,
    "full_support@8_hops2": 0.3333333333333333,
    "ms_per_query": 1.4654723080721768
  }
}