{
  "lemory": {
    "recall@1": 0.9545454545454546,
    "recall@3": 0.9545454545454546,
    "recall@5": 0.9545454545454546,
    "recall@8": 0.9545454545454546,
    "mrr@10": 0.9545454545454546,
    "full_support@8": 0.9545454545454546,
    "support_recall@8": 0.9545454545454546,
    "full_support@8_hops1": 0.95,
    "full_support@8_hops2": 1.0,
    "ms_per_query": 0.9309161793101918
  },
  "lemory-nograph": {
    "recall@1": 0.9545454545454546,
    "recall@3": 0.9545454545454546,
    "recall@5": 0.9545454545454546,
    "recall@8": 0.9545454545454546,
    "mrr@10": 0.9545454545454546,
    "full_support@8": 0.9545454545454546,
    "support_recall@8": 0.9545454545454546,
    "full_support@8_hops1": 0.95,
    "full_support@8_hops2": 1.0,
    "ms_per_query": 0.7251392711292614
  },
  "vector": {
    "recall@1": 0.9090909090909091,
    "recall@3": 0.9545454545454546,
    "recall@5": 0.9545454545454546,
    "recall@8": 1.0,
    "mrr@10": 0.9299242424242423,
    "full_support@8": 1.0,
    "support_recall@8": 1.0,
    "full_support@8_hops1": 1.0,
    "full_support@8_hops2": 1.0,
    "ms_per_query": 0.11018189516934482
  },
  "bm25": {
    "recall@1": 0.8181818181818182,
    "recall@3": 0.8636363636363636,
    "recall@5": 0.8636363636363636,
    "recall@8": 0.9090909090909091,
    "mrr@10": 0.8474025974025974,
    "full_support@8": 0.9090909090909091,
    "support_recall@8": 0.9090909090909091,
    "full_support@8_hops1": 0.9,
    "full_support@8_hops2": 1.0,
    "ms_per_query": 0.23055076599121094
  }
}