{
  "lemory": {
    "recall@1": 0.8,
    "recall@3": 0.8545454545454545,
    "recall@5": 0.9636363636363636,
    "recall@8": 0.9818181818181818,
    "mrr@10": 0.853939393939394,
    "full_support@8": 0.8363636363636363,
    "support_recall@8": 0.9090909090909091,
    "full_support@8_hops1": 1.0,
    "full_support@8_hops2": 0.7,
    "ms_per_query": 8.009698174216531
  },
  "lemory+hops2": {
    "recall@1": 0.7818181818181819,
    "recall@3": 0.8545454545454545,
    "recall@5": 0.9636363636363636,
    "recall@8": 0.9818181818181818,
    "mrr@10": 0.8448484848484848,
    "full_support@8": 0.8363636363636363,
    "support_recall@8": 0.9090909090909091,
    "full_support@8_hops1": 1.0,
    "full_support@8_hops2": 0.7,
    "ms_per_query": 10.042203556407582
  },
  "vector": {
    "recall@1": 0.7090909090909091,
    "recall@3": 0.8727272727272727,
    "recall@5": 0.9090909090909091,
    "recall@8": 0.9272727272727272,
    "mrr@10": 0.7983333333333335,
    "full_support@8": 0.6909090909090909,
    "support_recall@8": 0.8090909090909091,
    "full_support@8_hops1": 1.0,
    "full_support@8_hops2": 0.43333333333333335,
    "ms_per_query": 0.46324729919433594
  },
  "bm25": {
    "recall@1": 0.6727272727272727,
    "recall@3": 0.8727272727272727,
    "recall@5": 0.9454545454545454,
    "recall@8": 0.9636363636363636,
    "mrr@10": 0.7871212121212121,
    "full_support@8": 0.6545454545454545,
    "support_recall@8": 0.8090909090909091,
    "full_support@8_hops1": 0.96,
    "full_support@8_hops2": 0.4,
    "ms_per_query": 3.30158146944913
  },
  "lemory-plain": {
    "recall@1": 0.8,
    "recall@3": 0.8545454545454545,
    "recall@5": 0.9636363636363636,
    "recall@8": 0.9818181818181818,
    "mrr@10": 0.853939393939394,
    "full_support@8": 0.8363636363636363,
    "support_recall@8": 0.9090909090909091,
    "full_support@8_hops1": 1.0,
    "full_support@8_hops2": 0.7,
    "ms_per_query": 8.978900042447178
  },
  "lemory-plain+hops2": {
    "recall@1": 0.7818181818181819,
    "recall@3": 0.8545454545454545,
    "recall@5": 0.9636363636363636,
    "recall@8": 0.9818181818181818,
    "mrr@10": 0.8448484848484848,
    "full_support@8": 0.8363636363636363,
    "support_recall@8": 0.9090909090909091,
    "full_support@8_hops1": 1.0,
    "full_support@8_hops2": 0.7,
    "ms_per_query": 10.366314107721502
  }
}